,commit_id,predict,target
0,data_AlexaInNode.pt,1,0
1,data_ClearableLabeledInput_createSuper.pt,0,0
2,data_CloudTeamBadge.pt,0,0
3,data_AddSinger.pt,0,0
4,data_ClearableLabeledInput.pt,0,0
5,data_ContextMenuItem_ContextMenuItem.pt,0,0
6,data_CellExternalCopyManager.pt,1,1
7,data_RoundRoof.pt,0,1
8,data_ChatBotContextStore.pt,0,0
9,data__onKeyboard.pt,1,1
10,data_AppTabs.pt,0,0
11,data_Class_interfaceContext.pt,0,0
12,data__ZN23btDiscreteDynamicsWorld26calculateSimulationIslandsEv.pt,1,1
13,data__5.pt,1,1
14,data_OutputStream.pt,1,1
15,data_BitField.pt,0,0
16,data_$rt_strcmp.pt,0,0
17,data___vorbis_apply_window.pt,1,1
18,data_CompilationSettings.pt,0,0
19,data_BlobReader.pt,0,0
20,data_ConnectResponse.pt,0,0
21,data_$ot.pt,1,0
22,data_AnchorLink.pt,0,0
23,data__ZN22btSubsimplexConvexCast16calcTimeOfImpactERK11btTransformS2_S2_S2_RN12btConvexCast10CastResultE.pt,1,1
24,data_Beacon.pt,1,0
25,data_ContextMenuWrapper_objectSpread.pt,0,0
26,data_RadialGradient.pt,1,1
27,data_$parseMarkupHelper.pt,1,0
28,data_$pe.pt,0,0
29,data_Sizzle.pt,1,1
30,data_GifWriter.pt,1,1
31,data_CheckableTag.pt,0,0
32,data_C8e.pt,0,0
33,data_addBinding.pt,1,1
34,data_A3e.pt,0,0
35,data_ContentEditableInput.pt,0,0
36,data_$rt_str_get_len.pt,0,0
37,data__floor1_inverse1.pt,1,1
38,data_$rt_arrtbl_sizeof.pt,0,0
39,data_AMautomathrec.pt,0,0
40,data_CartProvider.pt,0,0
41,data_$UrlMatcherFactory.pt,1,0
42,data_ChatBotAlexaSpeech.pt,0,0
43,data_aa.pt,1,1
44,data_CommonMathMixin.pt,0,0
45,data_BotsController.pt,0,1
46,data_CalendarFeed.pt,0,0
47,data___embind_register_value_object.pt,1,1
48,data_$objectDiv.pt,0,0
49,data_$rt_strtbl_get_next.pt,0,0
50,data__nimiq_kdf_legacy.pt,1,1
51,data_ATNSimulator.pt,0,0
52,data_checkTypeRelatedTo.pt,1,1
53,data_CEnum.pt,0,0
54,data_AntManor.pt,0,0
55,data_ChatGPTAPI.pt,0,0
56,data_DonutSegment.pt,1,1
57,data_cat_v_compute.pt,1,1
58,data_ContentTypes.pt,0,0
59,data_AutoOpen.pt,0,0
60,data_$resize_framebuffer.pt,0,0
61,data_$we.pt,0,0
62,data_VIntY.pt,1,1
63,data_$show.pt,0,0
64,data__wgpu_buffer_map_async.pt,1,1
65,data_AdamaxOptimizer.pt,0,0
66,data_VBRPresets.pt,1,1
67,data_AntTreeNode.pt,0,0
68,data_applyMode.pt,1,1
69,data_$getDescendants.pt,0,0
70,data_CardPlatformApp.pt,0,0
71,data_BatchCompiler.pt,0,0
72,data_CommitRankedAutoSizer.pt,0,0
73,data_bwa_hmm.pt,1,1
74,data_$rt_le.pt,0,0
75,data__ZN14btQuantizedBvh16deSerializeFloatER23btQuantizedBvhFloatData.pt,1,1
76,data_BasePoly.pt,1,1
77,data_$processFrameHooks.pt,0,0
78,data_$parse.pt,1,0
79,data_checkYieldExpression.pt,1,1
80,data_CacheP2P.pt,1,0
81,data_BehaviorOverride.pt,0,0
82,data_CollapseButton.pt,0,0
83,data_AutoSync_defineProperties.pt,0,0
84,data_$rt_throwExc.pt,0,0
85,data_$rt_strtbl_comp_size.pt,0,0
86,data_ClearableLabeledInput_classCallCheck.pt,0,0
87,data_Background_inherits.pt,0,0
88,data_checkUnusedLocalsAndParameters.pt,1,1
89,data_ClearableLabeledInput_defineProperty.pt,0,0
90,data_$rt_setCellVal.pt,0,0
91,data_ContextToggles.pt,0,0
92,data_ColorModel.pt,0,0
93,data_BenchmarkSuite.pt,0,0
94,data_ChatBotVideo.pt,1,0
95,data_ContentBlockNode.pt,0,0
96,data__ZN6btDbvt9collideTVEPK10btDbvtNodeRK12btDbvtAabbMmRNS_8ICollideE.pt,1,1
97,data_ContactEquation.pt,0,0
98,data_CommonMspaceMixin.pt,0,0
99,data_$pset.pt,1,1
100,data_checkForShadows.pt,1,1
101,data_Checkbox_classCallCheck.pt,0,0
102,data_Clipboard.pt,0,0
103,data_$rt_objSetProp.pt,0,0
104,data_Argv.pt,0,0
105,data_checkTagNameDoesNotExpectTooManyArguments.pt,1,1
106,data_$watchCollectionInterceptor.pt,1,1
107,data__ZN4__rwL16__rw_expand_nameERNS_14__rw_pod_arrayIcLj256EEEPKc.pt,1,1
108,data_CUnionGen.pt,1,0
109,data_AbstractParseMap.pt,0,0
110,data_$rt_layout_sizeof.pt,0,0
111,data_AbstractInputJax.pt,0,0
112,data_$rt_xor.pt,0,0
113,data_AutoSync_createClass.pt,0,0
114,data_AnnotateNode.pt,1,1
115,data_$UrlRouterProvider.pt,0,0
116,data_AnotherComponent.pt,0,0
117,data_Presets.pt,1,1
118,data_AlternateCS.pt,0,0
119,data_checkGrammarModifiers.pt,1,1
120,data_ArrayBuffer.pt,0,0
121,data__vorbis_lpc_from_data.pt,1,1
122,data_ArcCurve.pt,0,1
123,data_WalkontableTable.pt,1,1
124,data_AutoSizedCanvas.pt,1,0
125,data_$w.pt,0,0
126,data_CalculateCPError.pt,0,0
127,data_ChatBotNLPjs.pt,1,1
128,data_BaseTheme.pt,0,0
129,data_Bookmark.pt,0,0
130,data_Badge_Badge.pt,0,0
131,data_CellSelection.pt,1,0
132,data_baseInputType.pt,1,1
133,data__ZN21btConeTwistConstraint23solveConstraintObsoleteER11btRigidBodyS1_f.pt,1,1
134,data_AlphaBadge.pt,0,0
135,data_$objectDivMutate.pt,0,0
136,data_$rt_arr_set_cap.pt,0,0
137,data_CanvasPattern_.pt,0,0
138,data_ValidationSummaryOnSubmit.pt,1,1
139,data_Background_getPrototypeOf.pt,0,0
140,data_ApiVersion.pt,0,0
141,data_CommonTextNodeMixin.pt,1,0
142,data_VIntZ.pt,1,1
143,data_$be.pt,0,0
144,data_$rt_strtbl_set_str.pt,0,0
145,data_$isEntity.pt,0,0
146,data_ArrowHelper.pt,1,1
147,data_SimpleGlyph.pt,0,1
148,data_$ke.pt,0,0
149,data_ContextualTypingContextStack.pt,0,0
150,data_AttrRecognizer.pt,0,0
151,data_Class.pt,0,0
152,data_$Te.pt,0,0
153,data_ApplicationMenu.pt,0,0
154,data_SpriteGeometry.pt,0,1
155,data_AMTparseExpr.pt,1,1
156,data_$at.pt,0,0
157,data_BlockEmbed.pt,0,0
158,data_AutoSizeInput_extends.pt,0,0
159,data_check_2_segments_intersect.pt,1,1
160,data_addlabel.pt,1,1
161,data_ContentContainer.pt,0,0
162,data_AppInsights.pt,0,0
163,data_AuthStack.pt,0,0
164,data_$rt_strtbl_get_cap.pt,0,0
165,data_BaseAdapter.pt,0,0
166,data_$parseMarkup.pt,0,0
167,data__fitTensors.pt,1,1
168,data_A$3.pt,0,0
169,data_WebGLTextures.pt,1,1
170,data_addPrivateIdentifierSetAccessorDeclarationToEnvironment.pt,1,1
171,data_Argument_expression_listContext.pt,0,0
172,data_CoinsList.pt,0,0
173,data_SignFormContent.pt,0,1
174,data_CakeShop.pt,0,0
175,data_ChatBotNLPSave.pt,0,0
176,data_Avatar.pt,0,0
177,data___parseInt.pt,1,1
178,data_Codeview_defineProperties.pt,0,0
179,data_CaffeParser.pt,0,0
180,data_AddRoundKey.pt,0,0
181,data_AMparseExpr.pt,1,1
182,data_CognitoRefreshToken.pt,0,0
183,data_Cke.pt,0,0
184,data_Assignment_expressionContext.pt,0,0
185,data_a7.pt,1,1
186,data__encodeURI.pt,1,1
187,data_AtlasWebGLCanvas.pt,0,0
188,data_ChatBotRequest.pt,0,0
189,data_$rt_getPropLength.pt,0,0
190,data_SlickGrid.pt,1,1
191,data_Dst.pt,1,1
192,data_Browser_createClass.pt,0,0
193,data_ConnectionSetNamespace.pt,0,0
194,data_Big5Decoder.pt,1,0
195,data_Continuation.pt,0,0
196,data_ConnectionsPage.pt,0,0
197,data_$statement.pt,1,1
198,data_BehaviorSubject.pt,0,0
199,data_BinaryCMapReader.pt,0,0
200,data_ConnectInitial.pt,0,0
201,data_$rt_clos_get_num_cells.pt,0,0
202,data__ZZN23btDiscreteDynamicsWorld16solveConstraintsER19btContactSolverInfoEN27InplaceSolverIslandCallback13ProcessIslandEPP17btCollisionObjectiPP20btPersistentManifoldii.pt,1,1
203,data_ColorCache.pt,0,0
204,data_checkForUrlChange.pt,1,1
205,data_CmapEntry.pt,1,0
206,data_access.pt,1,1
207,data_$rt_div.pt,0,0
208,data__mul8h.pt,1,1
209,data_$p.pt,0,0
210,data_$_.pt,0,0
211,data_AltDict.pt,0,0
212,data___embind_register_class.pt,1,1
213,data_appendCommentRange.pt,0,1
214,data_AddOrReplace.pt,0,0
215,data_checkDecorators.pt,1,1
216,data_$ViewDirective.pt,1,0
217,data_CalcNoiseResult.pt,0,0
218,data_ClearTransform.pt,0,0
219,data__paintBlochSphereDisplay_indicator.pt,1,1
220,data_$rt_rope_get_len.pt,0,0
221,data_$rt_cell_ofs_header.pt,0,0
222,data_AutoLink_createClass.pt,0,0
223,data_RoundedExtrudedPolygonGeometry.pt,1,1
224,data_CommonOutputJax.pt,0,0
225,data_$8.pt,0,0
226,data_$rt_fib.pt,0,0
227,data__ZN4__rw16__rw_locale_nameEiPKcRNS_14__rw_pod_arrayIcLj256EEE.pt,1,1
228,data_$rt_toNumber.pt,0,0
229,data_BindItems.pt,0,0
230,data_SoundManager.pt,1,1
231,data_$rt_clos_get_cap.pt,0,0
232,data__ZN31btDefaultCollisionConfigurationD2Ev.pt,1,1
233,data_$padZero.pt,0,0
234,data__ZN4__rw9__rb_treeISsSt4pairIKSsiENS_11__select1stIS3_SsEESt4lessISsESaIS3_EE5eraseENS_14__rw_tree_iterIS3_iPS3_RS3_NS_17__rw_rb_tree_nodeIS8_S3_SsS5_EEEESF_.pt,1,1
235,data_BubbleTooltip.pt,1,0
236,data_UnicornHatNode.pt,1,1
237,data_CellNode.pt,0,0
238,data_accentFill.pt,1,1
239,data_CBRNewIterationLoop.pt,1,0
240,data_MDRP_MIRP.pt,1,1
241,data_ConeGeometry.pt,1,1
242,data_EmailInNode.pt,1,1
243,data_ContainerRender_inherits.pt,0,0
244,data_AsYouTypeParser_slicedToArray.pt,0,0
245,data_$objectMul.pt,0,0
246,data_addProperties.pt,1,1
247,data__ZN28btHashedOverlappingPairCache10growTablesEv.pt,1,1
248,data_addDirective.pt,1,1
249,data_ArgumentsRenderer_extends.pt,0,0
250,data__ZN35btSequentialImpulseConstraintSolver33solveGroupCacheFriendlyIterationsEPP17btCollisionObjectiPP20btPersistentManifoldiPP17btTypedConstraintiRK19btContactSolverInfoP12btIDebugDrawP12btStackAlloc.pt,1,1
251,data__ZZN14btOptimizedBvh5buildEP23btStridingMeshInterfacebRK9btVector3S4_EN29QuantizedNodeTriangleCallback28internalProcessTriangleIndexEPS2_ii.pt,1,1
252,data_bench.pt,1,1
253,data_checkThenableOrVoidArgument.pt,1,1
254,data__dispose_chunk.pt,1,1
255,data_ClosestOrAncestor.pt,0,0
256,data_CharacterMetadata.pt,0,0
257,data_BufferOperator.pt,0,0
258,data_affineTransformImage.pt,1,1
259,data__ZNK23btStridingMeshInterface27InternalProcessAllTrianglesEP31btInternalTriangleIndexCallbackRK9btVector3S4_.pt,1,1
260,data_ATNDeserializer.pt,0,0
261,data_TagInfo.pt,1,1
262,data_checkTestingKnownTruthyCallableOrAwaitableType.pt,1,1
263,data_Background_possibleConstructorReturn.pt,0,0
264,data_afterLoadGame.pt,1,1
265,data_BalancesList.pt,0,0
266,data_Coffeemeter.pt,1,1
267,data_$rt_strtbl_alloc.pt,0,0
268,data_batchNormalization2d_.pt,1,1
269,data_Class_method_definitionContext.pt,0,0
270,data_AstVar.pt,0,0
271,data_WebGLRenderList.pt,1,1
272,data_accentForeground.pt,1,1
273,data__vorbis_info_clear.pt,1,1
274,data_Trie.pt,0,1
275,data_ChatBotNLPIntent.pt,0,0
276,data_AsyncMapIterator.pt,0,0
277,data_acquireDocument.pt,0,1
278,data_$SanitizeProvider.pt,0,0
279,data_BasePoint.pt,0,0
280,data_BEe.pt,0,0
281,data_ContentArea.pt,0,0
282,data_$sub.pt,0,0
283,data_CallbackConstructorRegistry.pt,0,0
284,data_$rt_clos_get_header.pt,0,0
285,data_$rt_obj_set_header.pt,0,0
286,data_$objectSub.pt,0,0
287,data_$rt_ctorSelectRet.pt,0,0
288,data_ClearProfilingDataButton.pt,0,0
289,data_CTA.pt,0,0
290,data_Acrobat7.pt,0,0
291,data___vp_couple_quantize_normalize.pt,1,1
292,data_Collections.pt,0,0
293,data_acc_b_dev.pt,1,1
294,data_CodePointOutputStream.pt,0,0
295,data_BlobWriter.pt,0,0
296,data_CubeTexture.pt,1,1
297,data__ZN6btDbvt24collideTTpersistentStackEPK10btDbvtNodeS2_RNS_8ICollideE.pt,1,1
298,data_BoxItem.pt,0,0
299,data_AstClassBody.pt,1,1
300,data_$ae.pt,0,0
301,data_ChatBotDebug.pt,0,0
302,data__fnCalculateColumnWidths.pt,1,1
303,data_Control.pt,0,0
304,data_BOUNDING_DATA_INDEX.pt,0,0
305,data_$rt_rsft.pt,0,0
306,data_RepeatManagerFactory.pt,1,1
307,data_Baz.pt,0,0
308,data_ColorManager.pt,0,0
309,data_Background_assertThisInitialized.pt,0,0
310,data_AbstractEmptyNode.pt,0,0
311,data_ChatBotSticker.pt,1,0
312,data___parseInt64.pt,1,1
313,data_GoogleChartServiceFactory.pt,1,1
314,data_C4e.pt,0,0
315,data_CloudProBadge.pt,0,0
316,data_ChartLineFactory.pt,0,0
317,data_CheckboxEditor.pt,0,0
318,data_AsyncDeflate.pt,0,0
319,data_Abstract_declarator_suffixContext.pt,0,0
320,data_AttributeTransformData.pt,0,0
321,data_addDomListener.pt,1,1
322,data_AudioBuffer.pt,0,0
323,data__emscripten_glGetActiveAttrib.pt,0,1
324,data_BooleanKeyframeTrack.pt,0,0
325,data_Blog.pt,0,0
326,data_$rt_rope_ofs_header.pt,0,0
327,data_BaseLocalCache.pt,0,0
328,data__wgpu_command_encoder_copy_texture_to_texture.pt,0,1
329,data__glTexSubImage2D.pt,1,1
330,data___01inverse.pt,1,1
331,data_Comb.pt,0,0
332,data_checkForUpdate.pt,0,1
333,data_GetRecorderType.pt,1,1
334,data_AutoHidingNavbar.pt,0,0
335,data_CleanButton.pt,0,0
336,data_$postGlyphSpace.pt,0,0
337,data_BuiltInFn.pt,0,0
338,data_CallableValue.pt,0,0
339,data_ConeRoof.pt,0,0
340,data_ARExpEnv.pt,0,0
341,data__ZN16btManifoldResult15addContactPointERK9btVector3S2_f.pt,1,1
342,data_buildGeometryType.pt,1,1
343,data_Bat.pt,0,0
344,data_CatmullRomCurve3.pt,0,0
345,data_AppProperties.pt,0,0
346,data_checkBuiltInVMAndNodeVM.pt,0,1
347,data_CSXSWindowType.pt,0,0
348,data_CodePointInputStream.pt,0,0
349,data_$rt_isGlobalObj.pt,0,0
350,data_CmapTable.pt,0,0
351,data___01forward.pt,1,1
352,data_CircularList.pt,0,0
353,data_DataStep.pt,1,1
354,data___mandreel_internal_update.pt,1,1
355,data_ADBE_JSDebugger.pt,0,0
356,data_AllTags.pt,0,0
357,data__SetWebXREvents.pt,0,1
358,data_$rt_str_ofs_next.pt,0,0
359,data_$$removeClass.pt,0,0
360,data_AutoLink_defineProperties.pt,0,0
361,data_BitFieldClass.pt,0,0
362,data_buildPlane.pt,1,1
363,data_AstWalkOptions.pt,0,0
364,data_$clamp.pt,0,0
365,data_CalendarEvent.pt,0,0
366,data__dradf4.pt,1,1
367,data_BlockStartState.pt,0,0
368,data_ClientUiCommands.pt,0,0
369,data_CharacterMap.pt,1,0
370,data_ContextMenu_ownKeys.pt,0,0
371,data_CalRGBCS.pt,1,0
372,data_Contexts_showMenu.pt,0,0
373,data_CalcNormal.pt,0,0
374,data___book_unquantize.pt,1,1
375,data_CommonTokenFactory.pt,0,0
376,data_$ViewScrollProvider.pt,0,0
377,data__wgpu_queue_write_texture.pt,1,1
378,data_affineTransformGraphics.pt,1,1
379,data__fillSpanned.pt,1,1
380,data_Face4.pt,0,1
381,data_CompressObjectStream.pt,0,0
382,data_ClassHandle_isDeleted.pt,0,0
383,data_Auths.pt,0,0
384,data_$ViewDirectiveFill.pt,1,0
385,data_buildInfernoTemplate.pt,1,1
386,data_$xe.pt,0,1
387,data_ContactEquationPool.pt,0,0
388,data_ClipGeometry.pt,0,0
389,data_NoViableAltException.pt,1,1
390,data_ascendWalkSiblings.pt,1,1
391,data_canHaveModifiers.pt,0,1
392,data_CognitoAccessToken.pt,0,0
393,data_Cast_expressionContext.pt,0,0
394,data_AnnotationLayer.pt,0,0
395,data__emscripten_get_callstack_js.pt,1,1
396,data_Blink1InNode.pt,0,0
397,data_CacheTab.pt,0,0
398,data__ZNK14btQuantizedBvh9serializeEPvjb.pt,1,1
399,data_Continue.pt,0,0
400,data_addMapping.pt,1,1
401,data_CanvasPage_CanvasPage.pt,0,0
402,data__w.pt,1,1
403,data_Cone.pt,0,0
404,data_ContainerRender_defineProperties.pt,0,0
405,data__ZNSt5dequeIjSaIjEE5eraseESt15__rw_deque_iterIjiPjRjS0_ES5_.pt,1,1
406,data_BookScreen.pt,0,0
407,data_$HttpParamSerializerJQLikeProvider.pt,0,0
408,data_AnnotationComponent.pt,0,0
409,data_CompositionHelper.pt,0,0
410,data_$rt_setArrTbl.pt,0,0
411,data_AES256Cipher.pt,0,0
412,data_ComponentWithAZeroChildren.pt,0,0
413,data_AutoMatch.pt,0,0
414,data_FilterRadialGradientForOutput.pt,1,1
415,data_AsYouTypeState_classCallCheck.pt,0,0
416,data_CanvasPathPainter.pt,0,0
417,data_CipherTransformFactory.pt,1,1
418,data_addTagElement.pt,1,1
419,data_a2.pt,1,1
420,data_CaretAnnotation.pt,0,0
421,data_WalletProvider.pt,0,1
422,data_$rt_arrtbl_set_cap.pt,0,0
423,data_ClearableLabeledInput_getPrototypeOf.pt,0,0
424,data_HTML5FSFile.pt,0,1
425,data_$it.pt,1,1
426,data_BusinessHourRenderer.pt,0,0
427,data__encodeWeights.pt,0,1
428,data_AnnotationEditor.pt,0,0
429,data_Bloodhound.pt,0,0
430,data_BoxWithText.pt,0,0
431,data_checkPropertyAccessExpressionOrQualifiedName.pt,1,1
432,data_ChatBotRivescript.pt,0,0
433,data_CommandLineHost.pt,0,0
434,data__ZN22btVoronoiSimplexSolver28updateClosestVectorAndPointsEv.pt,1,1
435,data_Codec.pt,0,0
436,data_CheckNinjaFrameReady.pt,0,0
437,data_BezierEdgeDynamic.pt,0,0
438,data_ComputedProperty.pt,0,0
439,data_$applyAsyncExpression.pt,0,0
440,data_ColumnRight.pt,0,0
441,data_$gpu_resize_framebuffer.pt,0,0
442,data_Binder.pt,0,0
443,data_CommonMsupMixin.pt,0,0
444,data__ZNK10__cxxabiv121__vmi_class_type_info11__do_upcastEPKNS_17__class_type_infoEPKvRNS1_15__upcast_resultE.pt,1,1
445,data_$rt_obj_get_cap.pt,0,0
446,data_ConnectableSubscriber.pt,0,0
447,data__ZNK6btDbvt15rayTestInternalEPK10btDbvtNodeRK9btVector3S5_S5_PjfS5_S5_RNS_8ICollideE.pt,1,1
448,data_AES.pt,0,0
449,data_$rt_arr_get_tag.pt,0,0
450,data_LMprocessNodeR.pt,1,1
451,data__checkFeatures.pt,0,1
452,data_AES128Cipher.pt,1,0
453,data_Configuration.pt,1,1
454,data_$rt_gtIntFloat.pt,0,0
455,data_$rt_arrtbl_set_next.pt,0,0
456,data_Contexts_registerMenu.pt,0,0
457,data_CodeGen.pt,0,0
458,data_Constraints.pt,0,0
459,data_checkValidators.pt,1,1
460,data_ALIGNRP.pt,0,0
461,data_ByteChunkIterator.pt,0,0
462,data_Common.pt,0,0
463,data_ArrayBuffer_.pt,0,0
464,data___embind_register_value_array.pt,1,1
465,data_AMgetSymbol.pt,1,1
466,data_ComputeAllFaceDescriptorsTask.pt,0,0
467,data_batchNormalization_.pt,1,1
468,data_AsyncZipDeflate.pt,0,0
469,data_$TemplateCacheProvider.pt,0,0
470,data_$objectMulMutate.pt,0,0
471,data_annotateParameters.pt,1,1
472,data_BasicSourceMapConsumer.pt,0,0
473,data_AbstractPluginLoader.pt,0,0
474,data_AbstractSymbolMap.pt,0,0
475,data_AwaitBlock$1.pt,0,0
476,data_Character_objectSpread.pt,0,0
477,data_$XYZ_to_RGB.pt,0,0
478,data_AnimationParser.pt,0,0
479,data_$hline.pt,1,1
480,data_AstSwitchCase.pt,0,0
481,data_$rt_rope_sizeof.pt,0,0
482,data_$LocationProvider.pt,1,0
483,data__ogg_stream_flush_i.pt,1,1
484,data_CStructGen.pt,1,0
485,data__ZN28btHashedOverlappingPairCache20sortOverlappingPairsEP12btDispatcher.pt,1,1
486,data_BaseStandardFontDataFactory.pt,0,0
487,data_AMcreateElementMathML.pt,0,0
488,data_CollageItem.pt,0,0
489,data_BookmarksDialog.pt,0,0
490,data____atomic_compare_exchange_8.pt,1,1
491,data_XMPPServerNode.pt,1,1
492,data_ChatBotAlexaDirective.pt,0,0
493,data_BaseSVGFactory.pt,0,0
494,data_ClearableLabeledInput_isNativeReflectConstruct.pt,0,0
495,data_Comp.pt,0,0
496,data_Bastion.pt,0,0
497,data_ContainerEditor.pt,0,0
498,data_$rt_newObj.pt,0,0
499,data_GoogleChartService.pt,1,1
500,data_addField.pt,1,1
501,data_ApproveSignatureForm.pt,0,0
502,data_AsYouType_classCallCheck.pt,0,0
503,data_CSVDataset.pt,0,0
504,data_centerGradient.pt,1,1
505,data_$LocationDecorator.pt,0,0
506,data_CheckField.pt,0,0
507,data__ZNK10__cxxabiv121__vmi_class_type_info12__do_dyncastEiNS_17__class_type_info10__sub_kindEPKS1_PKvS4_S6_RNS1_16__dyncast_resultE.pt,1,1
508,data_BilibiliParser.pt,1,1
509,data_buildMaterial.pt,1,1
510,data_AlexaOutNode.pt,0,0
511,data_$rt_leIntFloat.pt,0,0
512,data_Buttons_createClass.pt,0,0
513,data_cg.pt,1,1
514,data_BrokenComponentWillMountWithContext.pt,0,0
515,data_$rt_strtbl_get_str.pt,0,0
516,data__emscripten_glCompressedTexSubImage2D.pt,1,1
517,data_ChatBotLanguage.pt,0,0
518,data_$add.pt,0,0
519,data_checkVal.pt,1,1
520,data_$addGraphicsCommand.pt,0,0
521,data__memchr.pt,1,1
522,data_AsYouTypeParser_classCallCheck.pt,0,0
523,data_$TypedArray$.pt,1,0
524,data_ActivityTypeButton.pt,0,0
525,data_Backoff.pt,0,0
526,data_checkIntersection.pt,1,1
527,data_InfTree.pt,1,1
528,data_CommonMtableMixin.pt,1,1
529,data_$rt_cell_get_next.pt,0,0
530,data_ClearableLabeledInput_assertThisInitialized.pt,0,0
531,data_ConeBufferGeometry.pt,1,1
532,data_appendRowHtml.pt,1,1
533,data_Asn1SpecExplicitTag.pt,0,0
534,data_$IncludedByStateFilter.pt,0,0
535,data____syscall__newselect.pt,1,1
536,data_$z.pt,0,0
537,data_Class_nameContext.pt,0,0
538,data____sys_ioctl.pt,1,1
539,data__0x81aca9.pt,1,1
540,data_$StateActiveDirective.pt,0,0
541,data_ContextMenuWraper.pt,0,0
542,data_EffectCube.pt,1,1
543,data_AlignX.pt,0,0
544,data_CubicPoly.pt,1,1
545,data_ContainerRender_classCallCheck.pt,0,0
546,data_AppSkinInfo.pt,1,1
547,data_ClearableLabeledInput_defineProperties.pt,0,0
548,data_BackgroundGroup.pt,0,0
549,data_checkAwaitExpressionGrammar.pt,1,1
550,data_AsyncDecompress.pt,0,0
551,data_Contexts_hideMenu.pt,0,0
552,data_BadRequestResponse.pt,0,0
553,data_ajaxConvert.pt,1,1
554,data_breakpoint.pt,1,1
555,data_$rt_clos_get_cell.pt,0,0
556,data_CachePie.pt,0,0
557,data_ADEnv.pt,0,0
558,data__getMatches.pt,1,1
559,data_am1.pt,1,1
560,data__GLOBAL__D__ZN5my_gl14glAttachShaderEjj.pt,1,1
561,data_ArrayToWebM.pt,1,0
562,data_BufferTimeOperator.pt,0,0
563,data_$a.pt,0,0
564,data_ContentBlock.pt,0,0
565,data_ABRPresets.pt,1,1
566,data_$addMutate.pt,0,0
567,data__fnReduce.pt,1,1
568,data_Big5Encoder.pt,0,0
569,data_BlobTable.pt,0,0
570,data_$makeCoroutine.pt,0,0
571,data_CSSParsedDeclaration.pt,1,0
572,data_bnModPow.pt,1,1
573,data_AC_FL_RunContent.pt,0,0
574,data_SocialCallbackResponse.pt,0,1
575,data_BitmapIndexedNode.pt,0,0
576,data_SphereBufferGeometry.pt,1,1
577,data_$unparse.pt,1,1
578,data_$rt_strtbl_set_header.pt,0,0
579,data_batchNormalization4d_.pt,1,1
580,data_CaptionComponent.pt,0,0
581,data_MenuBar.pt,1,1
582,data_Ambient.pt,0,0
583,data_$rt_obj_ofs_tag.pt,0,0
584,data_a_68_copy.pt,1,1
585,data_$http.pt,1,0
586,data_AddEntityController.pt,0,0
587,data_AstLiteral.pt,0,0
588,data_$elOrNull.pt,0,0
589,data__evaluateDataset.pt,1,1
590,data_GLTFMaterialsPbrSpecularGlossinessExtension.pt,1,1
591,data_$clone.pt,0,0
592,data_AnnotationStorage.pt,0,0
593,data_CalcCross.pt,0,0
594,data_buildWorker.pt,1,1
595,data_ColorType.pt,0,0
596,data__ZN28btCompoundCollisionAlgorithm26preallocateChildAlgorithmsEP17btCollisionObjectS1_.pt,1,1
597,data_addPropertyToElementList.pt,1,1
598,data_ContextMenuTarget.pt,0,0
599,data_AdadeltaOptimizer.pt,0,0
600,data_Clipboard_createClass.pt,0,0
601,data_$rt_strtbl_set_num_strs.pt,0,0
602,data_$rt_toObject.pt,0,0
603,data__write.pt,1,1
604,data_HookView.pt,1,1
605,data_AsYouTypeFormatter_util_createForOfIteratorHelperLoose.pt,0,0
606,data_Balance_objectSpread.pt,0,0
607,data_$prettyPrintOne.pt,0,0
608,data_$rt_cell_get_tag.pt,0,0
609,data__qsort.pt,1,1
610,data_TrafficObjects.pt,1,1
611,data_$rt_strcat.pt,1,0
612,data_AlertProvider.pt,0,0
613,data_BaseSettings.pt,0,0
614,data_AutoReplace_classCallCheck.pt,0,0
615,data_addImage.pt,1,1
616,data_ClassHandle.pt,0,0
617,data_$0.pt,0,0
618,data_BasicWithUndefined.pt,0,0
619,data_$RGB_to_XYZ.pt,0,0
620,data_ISO2022JPDecoder.pt,1,1
621,data_BaseFontLoader.pt,0,0
622,data_ClassAttributor.pt,0,0
623,data_AsyncText.pt,0,0
624,data_addMemberForKeyTypeWorker.pt,1,1
625,data_AMparseIexpr.pt,1,0
626,data_ColumnManager.pt,0,0
627,data_$IntervalProvider.pt,0,0
628,data_$StateRefDynamicDirective.pt,0,0
629,data_checkIMAP.pt,1,1
630,data_Alea.pt,0,0
631,data_$escape.pt,0,0
632,data__nonMaxSuppressionWithScoreAsync_.pt,1,1
633,data_BabelRegExp.pt,0,0
634,data_ComplexRequest.pt,0,0
635,data_ButtonIcon_ButtonIcon.pt,1,1
636,data_ArraySeq.pt,0,0
637,data_$updateMarkers.pt,1,0
638,data_calculateWormholedPosition.pt,1,1
639,data__ZNK14btQuantizedBvh36walkStacklessQuantizedTreeAgainstRayEP21btNodeOverlapCallbackRK9btVector3S4_S4_S4_ii.pt,1,1
640,data_checkSourceElementWorker.pt,1,1
641,data_am2.pt,1,1
642,data_AstWalkerCallback.pt,0,0
643,data_checkExistingMemberForOverrideModifier.pt,1,1
644,data_AESDecryptCtr.pt,1,0
645,data_$reject.pt,0,0
646,data_ColorSpace.pt,0,0
647,data_CallTracker.pt,0,0
648,data_Codeview_classCallCheck.pt,0,0
649,data_ConsoleReporter.pt,0,0
650,data_$QProvider.pt,0,0
651,data_checkInt.pt,0,1
652,data_Accumulator.pt,0,0
653,data_addTimeToArrayFromToken.pt,1,1
654,data_$rt_arrtbl_ofs_word.pt,0,0
655,data_ContextTagKeys.pt,0,0
656,data_$rt_arr_get_next.pt,0,0
657,data_AtomTransition.pt,0,0
658,data_CalendarHeader.pt,0,0
659,data_AC_AddExtension.pt,0,0
660,data_$subMutate.pt,0,0
661,data_AutoResizer.pt,1,0
662,data_$LAsBs_to_XYZ_one_channel.pt,0,0
663,data_CodeBlock.pt,0,0
664,data_buildKeymap.pt,1,1
665,data_GifReader.pt,1,1
666,data_MarchingCubes.pt,1,1
667,data_Class_method_declarationContext.pt,0,0
668,data_Acrobat.pt,0,0
669,data_Metric.pt,1,1
670,data_XAudioServer.pt,1,1
671,data_AutoSizeInput_AutoSizeInput.pt,0,0
672,data__fnDraw.pt,1,1
673,data_Axios.pt,0,0
674,data_PiNeopixelNode.pt,1,1
675,data_BooleanSchema.pt,0,0
676,data_$rt_toInteger.pt,0,0
677,data_AutoReplace_defineProperties.pt,0,0
678,data_ClearableLabeledInput_createClass.pt,0,0
679,data_$rt_str_alloc.pt,0,0
680,data_ChatBotQRCode.pt,0,0
681,data_Base64.pt,1,0
682,data_Classic.pt,0,0
683,data_addVnodes.pt,0,1
684,data__vorbis_encode_noisebias_setup.pt,1,1
685,data_CompilerMakeFile.pt,0,0
686,data_baseIntersection.pt,1,1
687,data_$unparseFixedDecimal.pt,0,0
688,data_CameraControls.pt,1,1
689,data_AutoSaveControls.pt,0,0
690,data__vorbis_encode_tonemask_setup.pt,1,1
691,data_ContextParams.pt,0,0
692,data_AstCatchStatement.pt,0,0
693,data_BlinkStick.pt,0,0
694,data_build_timeline.pt,1,1
695,data_CanvasTexture.pt,1,1
696,data_BaseSelection.pt,0,0
697,data_avgPool3d_.pt,1,1
698,data_AlgoliaSearchCustomError.pt,0,0
699,data_B2e.pt,0,0
700,data_Buttons_classCallCheck.pt,0,0
701,data_$vline.pt,1,1
702,data_ChunkStreamer.pt,1,1
703,data_Color2dSV.pt,0,0
704,data_AniLetters.pt,0,1
705,data_AmazonApstag.pt,0,0
706,data__on.pt,0,1
707,data_CodeContainer.pt,0,0
708,data_ApplicationCredit.pt,0,0
709,data_buildAttributes.pt,1,1
710,data__noise_normalize.pt,1,1
711,data_BezierEdgeStatic.pt,0,0
712,data_annotateThis.pt,1,1
713,data_AstWalkerFactory.pt,0,0
714,data_$rt_rope_get_header.pt,0,0
715,data__8e.pt,1,1
716,data_ColumnLeft.pt,0,0
717,data_AutoSizer.pt,0,0
718,data_$cleanupRegion.pt,1,0
719,data_$ruleImplementsSomeKeyword.pt,0,0
720,data_$MenuBar.pt,0,0
721,data__vorbis_encode_setup_init.pt,1,1
722,data_$rt_shrinkHeap.pt,0,0
723,data_CodeView.pt,0,0
724,data_$rt_clos_get_next.pt,0,0
725,data_AliplayerDanmuComponent.pt,0,0
726,data_AllLineNumbers.pt,0,0
727,data_$LAsBs_to_XYZ.pt,0,0
728,data_$rt_arrtbl_alloc.pt,0,0
729,data_Batch.pt,0,0
730,data_$d.pt,0,0
731,data_AttributeOctahedronTransform.pt,0,0
732,data_ComponentFootprint.pt,0,0
733,data_$rt_arrtbl_ofs_next.pt,0,0
734,data_CommonMfracMixin.pt,0,0
735,data_ColorConverters.pt,0,0
736,data_ContextRange.pt,0,0
737,data__fnAddOptionsHtml.pt,1,1
738,data_ConsoleErrorListener.pt,0,0
739,data_AjaxBasedTransport.pt,0,0
740,data_baseMergeDeep.pt,1,1
741,data_ClassHandle_delete.pt,0,0
742,data_array2DSetRect.pt,1,1
743,data_CanvasRenderingContext2D_.pt,0,0
744,data_$rt_str_ofs_hash.pt,0,0
745,data_$rt_rope_set_header.pt,0,0
746,data_buildToken.pt,1,1
747,data_blockVariableStatement.pt,1,1
748,data_acquireOrUpdateDocument.pt,1,1
749,data_SpotLight.pt,0,1
750,data_CognitoUserSession.pt,0,0
751,data_CantorPairing.pt,0,0
752,data_PDFImage.pt,1,1
753,data_Amd.pt,0,0
754,data_checkTexture2D.pt,1,1
755,data_ColorAttributor.pt,0,0
756,data_ArrayOperation.pt,0,0
757,data_$rt_obj_ofs_cap.pt,0,0
758,data_Checkbox_extends.pt,0,0
759,data_$set_texture.pt,0,0
760,data_$rt_objHasProp.pt,0,0
761,data____syscall_sendto.pt,1,1
762,data_ContentCopy.pt,0,0
763,data_$rt_arr_get_cap.pt,0,0
764,data_$advanceRayGridIterator.pt,0,0
765,data_EmailMtaNode.pt,1,1
766,data__pushColoredChunk.pt,1,1
767,data_Autorelease_statementContext.pt,0,0
768,data_$PriorityQueue.pt,0,0
769,data_CDec.pt,0,0
770,data_$start_hosting.pt,0,0
771,data_$executeLIN.pt,0,0
772,data_Broadphase.pt,0,0
773,data_ChatBotPushMessage.pt,0,0
774,data_ClassHandle_clone.pt,0,0
775,data_blockNormal.pt,1,1
776,data_batchMatMul.pt,1,1
777,data_$replace.pt,0,0
778,data_PNG.pt,1,1
779,data_array2DPrint.pt,1,1
780,data_ColorKeyframeTrack.pt,0,0
781,data_$rt_arr_get_header.pt,0,0
782,data_ArgsStore.pt,0,0
783,data_BookmarkSearchCmd.pt,0,0
784,data__printf_core.pt,1,1
785,data_BadwordsNode.pt,0,0
786,data_ClipPaths.pt,0,0
787,data_BaseConstructor.pt,0,0
788,data_AbstractMathItem.pt,0,0
789,data_$rt_getPropCache.pt,0,0
790,data_AsYouTypeFormatter_classCallCheck.pt,0,0
791,data_OverlayScrollbarsInstance.pt,1,1
792,data_$rt_rope_ofs_len.pt,0,0
793,data__nonMaxSuppressionPaddedAsync_.pt,1,1
794,data_ASTInterpreter.pt,0,0
795,data_$ye.pt,0,0
796,data_AirPopover_createClass.pt,0,0
797,data_Background_createClass.pt,0,0
798,data_AndroidUIDump.pt,0,0
799,data_AutoSync_classCallCheck.pt,0,0
800,data_BuildES.pt,0,0
801,data_$rt_str_visit_gc.pt,0,0
802,data_ActivityIndicatorInner.pt,0,1
803,data_$function_.pt,0,0
804,data_Bittrex.pt,0,0
805,data_CommonScriptbaseMixin.pt,1,1
806,data_AstMethod.pt,0,0
807,data_ContainerRender_isNativeReflectConstruct.pt,0,0
808,data_Codeview_createClass.pt,0,0
809,data_$rt_and.pt,0,0
810,data_$StateRefDirective.pt,1,0
811,data__fitDataset.pt,1,1
812,data_BBUseDefInfo.pt,0,0
813,data_Class_implementationContext.pt,0,0
814,data_ArrayCache.pt,0,0
815,data_AccountInfo.pt,0,0
816,data_CommonInferredMrowMixin.pt,0,0
817,data__ZN4__rw10__rw_throwEiz.pt,1,1
818,data_addToDate.pt,1,1
819,data_a2c.pt,1,1
820,data_checkTypeAssignableToAndOptionallyElaborate.pt,0,1
821,data_BalanceListItemDetails.pt,1,1
822,data_AlwaysEmbed.pt,0,0
823,data_Contextualizer.pt,0,0
824,data_$rt_getGlobalInl.pt,0,0
825,data___embind_register_value_array_element.pt,1,1
826,data_Base64Node.pt,1,0
827,data_CircularImage.pt,0,0
828,data__fnColumnOptions.pt,1,1
829,data_Combobox.pt,1,0
830,data_BadMarkupExpected.pt,0,0
831,data_BasicWithAList.pt,0,0
832,data_AstWalker.pt,0,0
833,data_CalendarComponent.pt,0,0
834,data_ChatStack.pt,0,0
835,data_$rt_str_comp_size.pt,0,0
836,data_ContextualTypeContext.pt,0,0
837,data__0x338f66.pt,1,1
838,data_acquireDocumentWithKey.pt,1,1
839,data_$rt_cell_sizeof.pt,0,0
840,data_GoogleChartController.pt,0,1
841,data_CEEntry.pt,0,0
842,data_ClassHandle_isAliasOf.pt,1,0
843,data_$rt_clos_visit_gc.pt,0,0
844,data_AsYouType_defineProperties.pt,0,0
845,data_CoreComment.pt,1,1
846,data_ClassHandle_deleteLater.pt,0,0
847,data_ChartDot.pt,0,0
848,data_addMatrixStack.pt,1,1
849,data_InfBlocks.pt,1,1
850,data_Class_listContext.pt,0,0
851,data_AttractRepel.pt,0,0
852,data_adjustCSS.pt,1,1
853,data__a6.pt,1,1
854,data_$ToolWindow.pt,0,0
855,data_CSSScanner.pt,0,0
856,data_CanvasExtraState.pt,0,0
857,data_applyEffects.pt,1,1
858,data_BoundingDimensions.pt,0,0
859,data_RRMatrix.pt,1,1
860,data_CaughtErrorView.pt,0,0
861,data_AjaxUploader.pt,0,0
862,data_AESCrypt.pt,0,0
863,data_APIResponse.pt,0,0
864,data_CanvasStyler.pt,0,0
865,data_BailErrorStrategy.pt,0,0
866,data_AllDaySplitter.pt,0,0
867,data_Class_declaration_listContext.pt,0,0
868,data_calc_xi_sum_dev.pt,1,1
869,data_$StateRefActiveDirective.pt,0,0
870,data_BinaryShape.pt,0,0
871,data_$rt_cell_get_word.pt,0,0
872,data_BackgroundActivity.pt,0,0
873,data_KeyValue_KeyValue.pt,1,1
874,data__nimiq_kdf.pt,1,1
875,data_ArduinoNode.pt,0,0
876,data_BasicViewDateProfileGenerator.pt,0,0
877,data_ADSRGenerator.pt,1,1
878,data_$rt_str_get_next.pt,0,0
879,data_checkArrayLiteral.pt,1,1
880,data_AsyncGzip.pt,0,0
881,data_ArrowGeometry.pt,1,1
882,data_BaseCanvasFactory.pt,0,0
883,data_CUnion.pt,1,0
884,data_CanvasElementContainer.pt,0,0
885,data_checkBinaryLogical.pt,0,1
886,data_Attract.pt,0,0
887,data__ZN4__rw9__rb_treeIjSt4pairIKjPN5my_gl12TIndexBufferEENS_11__select1stIS6_jEESt4lessIjESaIS6_EE5eraseENS_14__rw_tree_iterIS6_iPS6_RS6_NS_17__rw_rb_tree_nodeISB_S6_jS8_EEEE.pt,1,1
888,data__ZNK14btQuantizedBvh27walkStacklessTreeAgainstRayEP21btNodeOverlapCallbackRK9btVector3S4_S4_S4_ii.pt,1,1
889,data__wgpu_render_pass_encoder_set_viewport.pt,1,1
890,data_NetworkPdfManager.pt,0,1
891,data_Background.pt,0,0
892,data__ZN13BenchmarkDemo11initPhysicsEv.pt,1,1
893,data_Face3.pt,0,1
894,data_CommentSpaceAllocator.pt,0,0
895,data_$XYZ_to_LAsBs_one_channel.pt,0,0
896,data_Consumer.pt,0,0
897,data_AsYouTypeFormatter_PatternParser_classCallCheck.pt,0,0
898,data_ClearCacheBanner.pt,0,0
